用户ID,消费金额,消费频次,最近消费天数,性别,地区,注册时间,浏览时长
U0001,269.36,4,48,女,杭州,2023-01-01 00:00:00.000000000,6.6
U0002,125.72,7,202,女,杭州,2023-01-01 20:05:02.702702702,23.7
U0003,322.86,7,337,nan,北京,2023-01-02 16:10:05.405405405,18.0
U0004,923.01,2,60,女,nan,2023-01-03 12:15:08.108108108,1.6
U0005,112.06,5,257,男,武汉,2023-01-04 08:20:10.810810810,12.3
U0006,112.06,6,65,男,广州,2023-01-05 04:25:13.513513513,5.7
U0007,987.38,5,239,女,杭州,2023-01-06 00:30:16.216216216,2.9
U0008,372.76,2,289,女,北京,2023-01-06 20:35:18.918918918,11.6
U0009,84.49,7,38,男,北京,2023-01-07 16:40:21.621621621,13.6
U0010,284.6,9,25,男,上海,2023-01-08 12:45:24.324324324,2.0
U0011,85.11,6,59,nan,成都,2023-01-09 08:50:27.027027027,24.6
U0012,84.87,5,357,男,nan,2023-01-10 04:55:29.729729729,13.9
U0013,198.41,6,297,男,杭州,2023-01-11 01:00:32.432432432,27.1
U0014,14.94,5,158,男,深圳,2023-01-11 21:05:35.135135135,3.8
U0015,18.73,5,57,女,广州,2023-01-12 17:10:37.837837837,28.0
U0016,75.58,5,48,男,上海,2023-01-13 13:15:40.540540540,4.6
U0017,44.02,4,328,女,北京,2023-01-14 09:20:43.243243243,0.6
U0018,216.39,8,56,男,武汉,2023-01-15 05:25:45.945945946,14.4
U0019,49.92,4,65,女,nan,2023-01-16 01:30:48.648648648,12.2
U0020,27.25,5,268,女,深圳,2023-01-16 21:35:51.351351351,9.1
U0021,861.59,3,69,男,成都,2023-01-17 17:40:54.054054054,6.7
U0022,113.19,7,216,女,nan,2023-01-18 13:45:56.756756756,0.3
U0023,160.94,2,89,男,北京,2023-01-19 09:50:59.459459459,9.8
U0024,26.85,5,281,男,武汉,2023-01-20 05:56:02.162162162,5.4
U0025,77.23,10,257,女,杭州,2023-01-21 02:01:04.864864865,8.2
U0026,169.54,7,160,男,杭州,2023-01-21 22:06:07.567567567,5.6
U0027,37.29,7,234,女,上海,2023-01-22 18:11:10.270270270,33.8
U0028,232.95,10,131,男,成都,2023-01-23 14:16:12.972972973,9.3
U0029,72.19,1,49,男,武汉,2023-01-24 10:21:15.675675675,13.8
U0030,104.58,5,147,男,北京,2023-01-25 06:26:18.378378378,27.5
U0031,72.09,3,316,女,深圳,2023-01-26 02:31:21.081081081,9.0
U0032,1370.23,8,2,男,北京,2023-01-26 22:36:23.783783783,0.1
U0033,146.03,7,329,女,nan,2023-01-27 18:41:26.486486486,0.3
U0034,41.71,3,145,男,深圳,2023-01-28 14:46:29.189189189,12.1
U0035,398.24,1,61,男,武汉,2023-01-29 10:51:31.891891892,3.3
U0036,34.29,5,273,女,广州,2023-01-30 06:56:34.594594594,8.7
U0037,190.69,3,49,女,北京,2023-01-31 03:01:37.297297297,2.3
U0038,14.13,6,332,男,北京,2023-01-31 23:06:40.000000000,3.2
U0039,30.15,3,131,女,上海,2023-02-01 19:11:42.702702702,7.0
U0040,187.96,4,43,男,上海,2023-02-02 15:16:45.405405405,37.1
U0041,360.02,5,57,女,杭州,2023-02-03 11:21:48.108108108,9.6
U0042,182.3,8,50,女,北京,2023-02-04 07:26:50.810810811,27.5
U0043,129.18,7,178,女,深圳,2023-02-05 03:31:53.513513513,32.0
U0044,103.41,5,293,女,广州,2023-02-05 23:36:56.216216216,2.3
U0045,25.17,4,46,男,杭州,2023-02-06 19:41:58.918918919,3.7
U0046,62.56,6,170,女,成都,2023-02-07 15:47:01.621621621,14.7
U0047,85.39,8,271,女,杭州,2023-02-08 11:52:04.324324324,20.2
U0048,527.71,4,336,男,nan,2023-02-09 07:57:07.027027027,7.3
U0049,224.16,3,139,男,北京,2023-02-10 04:02:09.729729730,49.9
U0050,17.89,2,247,女,深圳,2023-02-11 00:07:12.432432432,0.1
U0051,218.96,3,148,女,深圳,2023-02-11 20:12:15.135135135,3.6
U0052,93.49,9,230,男,广州,2023-02-12 16:17:17.837837838,9.8
U0053,65.87,5,280,女,成都,2023-02-13 12:22:20.540540540,6.3
U0054,309.21,4,125,女,深圳,2023-02-14 08:27:23.243243243,1.2
U0055,511.42,7,192,男,深圳,2023-02-15 04:32:25.945945946,4.6
U0056,453.75,8,80,男,深圳,2023-02-16 00:37:28.648648648,0.3
U0057,54.21,4,94,女,nan,2023-02-16 20:42:31.351351351,10.3
U0058,102.41,4,226,男,nan,2023-02-17 16:47:34.054054054,22.3
U0059,220.86,8,65,男,广州,2023-02-18 12:52:36.756756757,21.6
U0060,478.5,5,88,女,北京,2023-02-19 08:57:39.459459459,12.0
U0061,83.51,5,88,女,武汉,2023-02-20 05:02:42.162162162,6.3
U0062,118.77,6,201,女,nan,2023-02-21 01:07:44.864864865,7.2
U0063,39.35,7,214,女,上海,2023-02-21 21:12:47.567567567,1.5
U0064,35.32,2,204,男,广州,2023-02-22 17:17:50.270270270,4.2
U0065,393.48,1,89,男,nan,2023-02-23 13:22:52.972972973,2.1
U0066,755.58,7,61,女,成都,2023-02-24 09:27:55.675675676,17.2
U0067,136.13,5,271,男,上海,2023-02-25 05:32:58.378378378,24.6
U0068,494.84,4,94,女,杭州,2023-02-26 01:38:01.081081081,7.7
U0069,229.06,4,307,男,nan,2023-02-26 21:43:03.783783784,13.0
U0070,68.43,3,27,男,武汉,2023-02-27 17:48:06.486486487,1.3
U0071,228.99,8,214,男,武汉,2023-02-28 13:53:09.189189189,9.4
U0072,939.78,7,74,女,成都,2023-03-01 09:58:11.891891892,12.1
U0073,142.17,1,61,男,上海,2023-03-02 06:03:14.594594595,6.0
U0074,970.27,2,186,男,武汉,2023-03-03 02:08:17.297297297,2.8
U0075,6.4,4,31,男,上海,2023-03-03 22:13:20.000000000,21.0
U0076,397.93,6,219,女,nan,2023-03-04 18:18:22.702702703,13.6
U0077,164.75,4,12,男,广州,2023-03-05 14:23:25.405405405,23.0
U0078,103.67,6,302,男,nan,2023-03-06 10:28:28.108108108,17.1
U0079,165.69,8,32,男,上海,2023-03-07 06:33:30.810810811,46.4
U0080,13.67,7,160,女,深圳,2023-03-08 02:38:33.513513514,2.1
U0081,114.02,5,237,男,北京,2023-03-08 22:43:36.216216216,0.9
U0082,227.82,2,227,男,成都,2023-03-09 18:48:38.918918919,4.1
U0083,874.34,1,181,男,武汉,2023-03-10 14:53:41.621621622,1.4
U0084,79.68,7,317,女,成都,2023-03-11 10:58:44.324324324,7.4
U0085,56.25,4,46,女,深圳,2023-03-12 07:03:47.027027027,10.0
U0086,81.28,1,341,女,北京,2023-03-13 03:08:49.729729730,8.6
U0087,445.18,6,80,女,nan,2023-03-13 23:13:52.432432432,3.0
U0088,220.19,5,135,nan,成都,2023-03-14 19:18:55.135135135,23.9
U0089,78.59,8,260,男,武汉,2023-03-15 15:23:57.837837838,0.2
U0090,274.77,5,308,女,武汉,2023-03-16 11:29:00.540540541,4.3
U0091,166.75,4,247,女,武汉,2023-03-17 07:34:03.243243243,12.7
U0092,474.55,10,159,女,深圳,2023-03-18 03:39:05.945945946,14.6
U0093,63.91,7,203,男,成都,2023-03-18 23:44:08.648648649,5.4
U0094,100.16,4,112,女,杭州,2023-03-19 19:49:11.351351351,0.2
U0095,92.71,8,292,男,nan,2023-03-20 15:54:14.054054054,9.6
U0096,25.63,5,310,女,武汉,2023-03-21 11:59:16.756756757,0.7
U0097,211.74,5,119,男,北京,2023-03-22 08:04:19.459459460,1.1
U0098,203.01,5,17,男,广州,2023-03-23 04:09:22.162162162,10.5
U0099,149.33,2,331,男,北京,2023-03-24 00:14:24.864864865,3.7
U0100,112.0,3,227,男,北京,2023-03-24 20:19:27.567567568,4.3
U0101,27.15,4,361,女,杭州,2023-03-25 16:24:30.270270270,6.7
U0102,89.59,9,117,男,nan,2023-03-26 12:29:32.972972973,38.4
U0103,98.37,0,43,男,北京,2023-03-27 08:34:35.675675676,33.7
U0104,56.67,5,115,女,深圳,2023-03-28 04:39:38.378378378,5.4
U0105,122.3,5,283,男,nan,2023-03-29 00:44:41.081081081,3.1
U0106,241.02,5,37,女,武汉,2023-03-29 20:49:43.783783784,3.6
U0107,1427.13,5,302,男,深圳,2023-03-30 16:54:46.486486487,3.1
U0108,183.0,4,113,男,武汉,2023-03-31 12:59:49.189189189,7.6
U0109,202.16,9,35,女,深圳,2023-04-01 09:04:51.891891892,9.3
U0110,135.73,6,132,女,上海,2023-04-02 05:09:54.594594595,6.7
U0111,14.84,2,336,男,北京,2023-04-03 01:14:57.297297297,5.2
U0112,143.77,6,336,nan,上海,2023-04-03 21:20:00.000000000,2.4
U0113,159.54,6,228,女,广州,2023-04-04 17:25:02.702702703,6.6
U0114,2852.33,6,147,nan,nan,2023-04-05 13:30:05.405405405,4.2
U0115,117.82,5,122,男,武汉,2023-04-06 09:35:08.108108108,7.8
U0116,213.12,2,81,男,深圳,2023-04-07 05:40:10.810810811,11.2
U0117,142.36,5,173,女,深圳,2023-04-08 01:45:13.513513514,10.0
U0118,36.51,3,154,女,上海,2023-04-08 21:50:16.216216216,6.2
U0119,584.87,3,150,男,成都,2023-04-09 17:55:18.918918919,8.1
U0120,365.89,3,58,女,武汉,2023-04-10 14:00:21.621621622,3.4
U0121,383.46,6,63,男,上海,2023-04-11 10:05:24.324324324,0.2
U0122,49.84,6,156,女,北京,2023-04-12 06:10:27.027027027,9.8
U0123,798.99,4,356,男,杭州,2023-04-13 02:15:29.729729730,2.9
U0124,27.6,5,322,女,杭州,2023-04-13 22:20:32.432432432,11.1
U0125,300.13,5,168,男,广州,2023-04-14 18:25:35.135135135,13.7
U0126,2056.06,7,166,女,成都,2023-04-15 14:30:37.837837838,24.8
U0127,45.21,5,85,女,杭州,2023-04-16 10:35:40.540540540,31.7
U0128,75.22,3,137,女,上海,2023-04-17 06:40:43.243243244,0.1
U0129,167.27,4,189,nan,广州,2023-04-18 02:45:45.945945946,46.4
U0130,81.11,7,2,女,深圳,2023-04-18 22:50:48.648648648,11.5
U0131,23.09,5,106,nan,nan,2023-04-19 18:55:51.351351352,10.3
U0132,161.14,7,364,男,nan,2023-04-20 15:00:54.054054054,0.2
U0133,41.48,8,72,男,nan,2023-04-21 11:05:56.756756756,19.7
U0134,261.99,7,126,男,成都,2023-04-22 07:10:59.459459460,1.6
U0135,49.24,5,170,男,杭州,2023-04-23 03:16:02.162162162,18.2
U0136,953.29,8,205,女,成都,2023-04-23 23:21:04.864864864,0.2
U0137,57.98,4,313,男,nan,2023-04-24 19:26:07.567567568,10.4
U0138,100.84,6,337,女,上海,2023-04-25 15:31:10.270270270,5.7
U0139,393.95,8,195,女,深圳,2023-04-26 11:36:12.972972974,2.2
U0140,33.88,6,158,女,成都,2023-04-27 07:41:15.675675676,1.1
U0141,194.99,3,141,男,成都,2023-04-28 03:46:18.378378378,5.8
U0142,712.35,8,275,女,上海,2023-04-28 23:51:21.081081082,1.3
U0143,21.56,4,7,男,杭州,2023-04-29 19:56:23.783783784,6.7
U0144,185.22,7,54,男,武汉,2023-04-30 16:01:26.486486486,9.8
U0145,202.73,2,104,女,深圳,2023-05-01 12:06:29.189189190,17.6
U0146,379.25,10,342,女,武汉,2023-05-02 08:11:31.891891892,11.4
U0147,33.64,6,338,男,广州,2023-05-03 04:16:34.594594594,0.7
U0148,30.43,4,61,女,nan,2023-05-04 00:21:37.297297298,3.7
U0149,277.64,5,87,男,深圳,2023-05-04 20:26:40.000000000,3.4
U0150,211.96,6,258,男,杭州,2023-05-05 16:31:42.702702702,24.7
U0151,200.46,4,178,男,北京,2023-05-06 12:36:45.405405406,20.2
U0152,224.92,5,242,女,上海,2023-05-07 08:41:48.108108108,4.6
U0153,65.63,6,203,女,杭州,2023-05-08 04:46:50.810810810,0.7
U0154,196.12,3,31,男,广州,2023-05-09 00:51:53.513513514,22.5
U0155,210.96,7,289,男,深圳,2023-05-09 20:56:56.216216216,21.9
U0156,62.98,7,80,女,北京,2023-05-10 17:01:58.918918918,19.3
U0157,1392.6,8,11,男,武汉,2023-05-11 13:07:01.621621622,18.6
U0158,262.07,4,254,男,武汉,2023-05-12 09:12:04.324324324,6.5
U0159,35.53,7,287,女,上海,2023-05-13 05:17:07.027027028,2.0
U0160,326.32,3,176,男,杭州,2023-05-14 01:22:09.729729730,6.5
U0161,46.08,4,126,女,武汉,2023-05-14 21:27:12.432432432,6.8
U0162,381.65,4,47,男,成都,2023-05-15 17:32:15.135135136,6.7
U0163,596.04,0,206,女,广州,2023-05-16 13:37:17.837837838,7.7
U0164,55.43,1,107,女,成都,2023-05-17 09:42:20.540540540,3.0
U0165,471.56,1,275,女,上海,2023-05-18 05:47:23.243243244,4.6
U0166,243.55,7,337,男,广州,2023-05-19 01:52:25.945945946,5.7
U0167,398.01,5,123,女,上海,2023-05-19 21:57:28.648648648,1.4
U0168,1445.41,5,134,女,杭州,2023-05-20 18:02:31.351351352,6.1
U0169,110.56,8,107,女,北京,2023-05-21 14:07:34.054054054,16.6
U0170,60.07,3,305,女,nan,2023-05-22 10:12:36.756756756,17.6
U0171,51.04,5,329,女,广州,2023-05-23 06:17:39.459459460,5.3
U0172,55.76,3,50,女,上海,2023-05-24 02:22:42.162162162,7.3
U0173,135.3,5,337,男,深圳,2023-05-24 22:27:44.864864864,0.3
U0174,223.49,1,95,男,上海,2023-05-25 18:32:47.567567568,11.2
U0175,206.86,7,268,女,深圳,2023-05-26 14:37:50.270270270,5.2
U0176,400.46,2,23,男,广州,2023-05-27 10:42:52.972972974,5.9
U0177,150.75,4,54,nan,北京,2023-05-28 06:47:55.675675676,20.7
U0178,849.15,6,254,女,上海,2023-05-29 02:52:58.378378378,6.2
U0179,108.03,7,235,女,深圳,2023-05-29 22:58:01.081081082,0.2
U0180,3882.38,9,59,男,北京,2023-05-30 19:03:03.783783784,2.6
U0181,314.44,4,164,男,武汉,2023-05-31 15:08:06.486486486,6.5
U0182,53.06,1,259,女,杭州,2023-06-01 11:13:09.189189190,5.5
U0183,41.06,4,314,女,杭州,2023-06-02 07:18:11.891891892,19.7
U0184,264.8,6,216,nan,杭州,2023-06-03 03:23:14.594594594,7.8
U0185,113.5,3,183,男,杭州,2023-06-03 23:28:17.297297298,11.7
U0186,349.6,4,57,男,nan,2023-06-04 19:33:20.000000000,6.3
U0187,261.88,2,145,男,北京,2023-06-05 15:38:22.702702702,5.8
U0188,135.99,6,90,女,北京,2023-06-06 11:43:25.405405406,5.9
U0189,53.72,8,311,男,上海,2023-06-07 07:48:28.108108108,5.3
U0190,24.1,7,45,男,上海,2023-06-08 03:53:30.810810810,7.7
U0191,86.85,2,257,男,上海,2023-06-08 23:58:33.513513514,2.9
U0192,414.75,6,21,男,成都,2023-06-09 20:03:36.216216216,22.2
U0193,191.89,9,21,nan,深圳,2023-06-10 16:08:38.918918920,4.1
U0194,33.29,3,52,女,nan,2023-06-11 12:13:41.621621622,1.6
U0195,182.69,8,338,男,上海,2023-06-12 08:18:44.324324324,1.0
U0196,235.66,7,171,男,广州,2023-06-13 04:23:47.027027028,0.1
U0197,51.39,6,67,男,nan,2023-06-14 00:28:49.729729730,5.5
U0198,178.48,10,113,男,武汉,2023-06-14 20:33:52.432432432,2.1
U0199,159.15,5,300,男,深圳,2023-06-15 16:38:55.135135136,0.2
U0200,37.65,5,160,女,杭州,2023-06-16 12:43:57.837837838,7.3
U0201,228.0,5,266,男,nan,2023-06-17 08:49:00.540540540,11.4
U0202,290.89,5,320,男,深圳,2023-06-18 04:54:03.243243244,0.9
U0203,544.39,4,232,男,上海,2023-06-19 00:59:05.945945946,6.2
U0204,525.61,10,325,女,武汉,2023-06-19 21:04:08.648648648,13.6
U0205,28.41,3,68,女,深圳,2023-06-20 17:09:11.351351352,42.5
U0206,48.16,2,28,女,上海,2023-06-21 13:14:14.054054054,11.0
U0207,275.35,6,116,女,深圳,2023-06-22 09:19:16.756756756,2.8
U0208,274.94,4,51,女,广州,2023-06-23 05:24:19.459459460,12.6
U0209,275.35,4,181,男,nan,2023-06-24 01:29:22.162162162,9.1
U0210,15112.5,8,260,女,北京,2023-06-24 21:34:24.864864864,2.4
U0211,294.44,5,79,男,nan,2023-06-25 17:39:27.567567568,19.0
U0212,579.8,4,273,男,深圳,2023-06-26 13:44:30.270270270,5.6
U0213,466.29,7,108,女,广州,2023-06-27 09:49:32.972972974,32.7
U0214,324.3,4,74,男,上海,2023-06-28 05:54:35.675675676,12.8
U0215,101.66,2,175,女,成都,2023-06-29 01:59:38.378378378,10.3
U0216,368.99,2,184,男,nan,2023-06-29 22:04:41.081081082,13.0
U0217,58.71,3,23,女,广州,2023-06-30 18:09:43.783783784,6.5
U0218,111.7,3,274,女,上海,2023-07-01 14:14:46.486486486,7.0
U0219,82.89,8,129,nan,杭州,2023-07-02 10:19:49.189189190,19.1
U0220,163.73,6,291,女,武汉,2023-07-03 06:24:51.891891892,11.4
U0221,2386.52,0,320,女,北京,2023-07-04 02:29:54.594594594,22.8
U0222,15.79,8,186,女,杭州,2023-07-04 22:34:57.297297298,22.1
U0223,338.16,5,59,男,杭州,2023-07-05 18:40:00.000000000,37.5
U0224,21.43,4,1,男,广州,2023-07-06 14:45:02.702702702,12.0
U0225,84.24,5,131,女,深圳,2023-07-07 10:50:05.405405406,7.0
U0226,548.26,7,67,nan,上海,2023-07-08 06:55:08.108108108,1.8
U0227,160.31,6,293,女,武汉,2023-07-09 03:00:10.810810810,12.2
U0228,40.72,3,285,女,杭州,2023-07-09 23:05:13.513513514,3.4
U0229,62.91,4,89,女,深圳,2023-07-10 19:10:16.216216216,3.3
U0230,335.46,2,100,男,广州,2023-07-11 15:15:18.918918920,2.7
U0231,61.78,4,189,男,上海,2023-07-12 11:20:21.621621622,20.8
U0232,192.43,1,346,男,武汉,2023-07-13 07:25:24.324324324,20.2
U0233,156.76,9,241,男,深圳,2023-07-14 03:30:27.027027028,10.0
U0234,67.9,3,270,女,深圳,2023-07-14 23:35:29.729729730,6.4
U0235,1944.45,1,219,nan,深圳,2023-07-15 19:40:32.432432432,11.2
U0236,317.57,5,176,女,深圳,2023-07-16 15:45:35.135135136,9.3
U0237,13.06,4,341,男,上海,2023-07-17 11:50:37.837837838,5.4
U0238,185.63,6,233,男,北京,2023-07-18 07:55:40.540540540,4.8
U0239,67.08,5,151,男,北京,2023-07-19 04:00:43.243243244,4.8
U0240,412.78,8,277,女,武汉,2023-07-20 00:05:45.945945946,8.9
U0241,57.34,5,229,男,上海,2023-07-20 20:10:48.648648648,10.4
U0242,129.32,7,171,男,北京,2023-07-21 16:15:51.351351352,6.0
U0243,272.05,4,223,男,武汉,2023-07-22 12:20:54.054054054,34.6
U0244,419.43,1,213,男,上海,2023-07-23 08:25:56.756756756,0.9
U0245,35.15,5,282,女,杭州,2023-07-24 04:30:59.459459460,4.3
U0246,99.34,4,41,男,广州,2023-07-25 00:36:02.162162162,5.4
U0247,83.94,3,122,男,北京,2023-07-25 20:41:04.864864864,0.2
U0248,67.76,2,227,男,广州,2023-07-26 16:46:07.567567568,4.5
U0249,1234.65,12,294,男,北京,2023-07-27 12:51:10.270270270,3.2
U0250,241.28,5,88,女,nan,2023-07-28 08:56:12.972972974,7.1
U0251,32.69,10,267,女,深圳,2023-07-29 05:01:15.675675676,4.1
U0252,446.5,6,29,男,北京,2023-07-30 01:06:18.378378380,13.0
U0253,1894.27,1,247,女,上海,2023-07-30 21:11:21.081081080,7.1
U0254,512.32,6,316,男,深圳,2023-07-31 17:16:23.783783784,1.4
U0255,23.97,2,244,女,上海,2023-08-01 13:21:26.486486488,13.9
U0256,83.01,4,61,男,上海,2023-08-02 09:26:29.189189188,1.0
U0257,678.78,5,147,男,深圳,2023-08-03 05:31:31.891891892,18.3
U0258,63.48,8,174,女,武汉,2023-08-04 01:36:34.594594596,26.8
U0259,252.8,4,278,女,广州,2023-08-04 21:41:37.297297296,3.9
U0260,375.99,2,334,女,成都,2023-08-05 17:46:40.000000000,26.1
U0261,48.8,1,142,男,nan,2023-08-06 13:51:42.702702704,15.8
U0262,138.18,8,44,男,上海,2023-08-07 09:56:45.405405404,25.6
U0263,3.04,8,144,nan,武汉,2023-08-08 06:01:48.108108108,11.0
U0264,43.41,4,353,男,武汉,2023-08-09 02:06:50.810810812,2.7
U0265,109.61,1,333,男,广州,2023-08-09 22:11:53.513513512,22.5
U0266,33.2,9,55,男,nan,2023-08-10 18:16:56.216216216,2.0
U0267,1052.47,4,307,男,上海,2023-08-11 14:21:58.918918920,2.4
U0268,26.68,2,358,男,上海,2023-08-12 10:27:01.621621620,3.2
U0269,87.53,4,161,女,武汉,2023-08-13 06:32:04.324324324,3.6
U0270,173.62,3,285,男,深圳,2023-08-14 02:37:07.027027028,7.2
U0271,836.75,8,325,女,广州,2023-08-14 22:42:09.729729728,12.5
U0272,26.5,9,198,男,上海,2023-08-15 18:47:12.432432432,26.1
U0273,599.32,4,159,男,武汉,2023-08-16 14:52:15.135135136,0.9
U0274,150.25,4,80,女,武汉,2023-08-17 10:57:17.837837836,30.9
U0275,45.7,5,31,女,杭州,2023-08-18 07:02:20.540540540,25.4
U0276,258.4,11,112,女,nan,2023-08-19 03:07:23.243243244,0.6
U0277,188.46,8,46,女,广州,2023-08-19 23:12:25.945945948,4.5
U0278,72.22,6,353,男,上海,2023-08-20 19:17:28.648648648,16.8
U0279,161.38,2,205,女,成都,2023-08-21 15:22:31.351351352,9.5
U0280,93.47,8,52,女,武汉,2023-08-22 11:27:34.054054056,15.1
U0281,170.07,7,138,男,上海,2023-08-23 07:32:36.756756756,12.7
U0282,328.51,6,74,女,北京,2023-08-24 03:37:39.459459460,6.9
U0283,995.48,5,41,女,武汉,2023-08-24 23:42:42.162162164,0.4
U0284,33.6,3,77,男,nan,2023-08-25 19:47:44.864864864,8.8
U0285,1919.15,5,187,男,成都,2023-08-26 15:52:47.567567568,0.5
U0286,14.26,3,52,男,上海,2023-08-27 11:57:50.270270272,9.3
U0287,123.7,3,87,女,nan,2023-08-28 08:02:52.972972972,16.1
U0288,300.66,7,109,男,nan,2023-08-29 04:07:55.675675676,8.8
U0289,207.93,4,225,男,深圳,2023-08-30 00:12:58.378378380,58.2
U0290,70.3,4,248,男,武汉,2023-08-30 20:18:01.081081080,6.1
U0291,115.61,6,69,女,武汉,2023-08-31 16:23:03.783783784,13.8
U0292,82.14,6,120,女,nan,2023-09-01 12:28:06.486486488,11.0
U0293,73.17,3,67,女,nan,2023-09-02 08:33:09.189189188,47.6
U0294,411.38,4,61,男,成都,2023-09-03 04:38:11.891891892,12.5
U0295,227.79,6,327,女,杭州,2023-09-04 00:43:14.594594596,1.8
U0296,64.62,6,191,女,深圳,2023-09-04 20:48:17.297297296,31.1
U0297,436.82,6,189,女,杭州,2023-09-05 16:53:20.000000000,11.0
U0298,214.6,6,151,男,武汉,2023-09-06 12:58:22.702702704,0.6
U0299,393.64,3,286,男,nan,2023-09-07 09:03:25.405405404,10.7
U0300,315.94,5,96,女,深圳,2023-09-08 05:08:28.108108108,21.5
U0301,54.88,2,312,男,杭州,2023-09-09 01:13:30.810810812,8.6
U0302,75.78,5,309,女,深圳,2023-09-09 21:18:33.513513512,4.4
U0303,363.85,3,263,女,成都,2023-09-10 17:23:36.216216216,17.2
U0304,308.72,3,97,女,杭州,2023-09-11 13:28:38.918918920,15.3
U0305,144.74,5,113,nan,北京,2023-09-12 09:33:41.621621620,7.9
U0306,170.85,11,125,女,杭州,2023-09-13 05:38:44.324324324,1.7
U0307,687.59,7,132,男,北京,2023-09-14 01:43:47.027027028,2.9
U0308,72.97,7,121,男,北京,2023-09-14 21:48:49.729729728,13.4
U0309,286.15,4,197,男,武汉,2023-09-15 17:53:52.432432432,16.4
U0310,116.44,1,294,女,上海,2023-09-16 13:58:55.135135136,3.3
U0311,114.29,4,122,男,广州,2023-09-17 10:03:57.837837836,4.6
U0312,554.76,5,282,男,北京,2023-09-18 06:09:00.540540540,0.8
U0313,399.61,4,260,女,上海,2023-09-19 02:14:03.243243244,12.5
U0314,393.95,4,39,女,武汉,2023-09-19 22:19:05.945945948,0.0
U0315,710.93,7,54,nan,深圳,2023-09-20 18:24:08.648648648,0.5
U0316,152.2,6,161,女,nan,2023-09-21 14:29:11.351351352,0.0
U0317,336.41,8,289,女,广州,2023-09-22 10:34:14.054054056,10.4
U0318,102.28,4,200,女,上海,2023-09-23 06:39:16.756756756,5.4
U0319,218.98,3,276,nan,广州,2023-09-24 02:44:19.459459460,3.5
U0320,126.95,0,16,女,成都,2023-09-24 22:49:22.162162164,24.4
U0321,166.73,4,173,女,杭州,2023-09-25 18:54:24.864864864,2.1
U0322,303.14,1,248,女,nan,2023-09-26 14:59:27.567567568,4.9
U0323,55.6,4,218,女,杭州,2023-09-27 11:04:30.270270272,28.2
U0324,1827.79,3,87,男,深圳,2023-09-28 07:09:32.972972972,5.6
U0325,44.38,5,82,男,武汉,2023-09-29 03:14:35.675675676,8.1
U0326,34.57,6,62,男,nan,2023-09-29 23:19:38.378378380,0.8
U0327,595.7,6,287,男,广州,2023-09-30 19:24:41.081081080,15.6
U0328,383.75,4,42,男,上海,2023-10-01 15:29:43.783783784,5.5
U0329,313.86,4,12,男,杭州,2023-10-02 11:34:46.486486488,16.1
U0330,315.45,5,321,男,深圳,2023-10-03 07:39:49.189189188,2.9
U0331,146.25,1,234,女,nan,2023-10-04 03:44:51.891891892,5.5
U0332,50.57,9,329,女,深圳,2023-10-04 23:49:54.594594596,15.4
U0333,162.55,7,131,男,北京,2023-10-05 19:54:57.297297296,36.4
U0334,65.85,5,115,女,nan,2023-10-06 16:00:00.000000000,0.6
U0335,478.25,4,218,女,nan,2023-10-07 12:05:02.702702704,16.7
U0336,124.4,5,137,女,上海,2023-10-08 08:10:05.405405404,3.6
U0337,55.11,4,106,女,nan,2023-10-09 04:15:08.108108108,8.0
U0338,100.92,1,179,男,广州,2023-10-10 00:20:10.810810812,3.4
U0339,243.6,3,16,男,广州,2023-10-10 20:25:13.513513512,9.5
U0340,75.45,7,242,男,nan,2023-10-11 16:30:16.216216216,4.4
U0341,55.33,6,334,男,深圳,2023-10-12 12:35:18.918918920,4.1
U0342,198.82,10,226,女,北京,2023-10-13 08:40:21.621621620,0.4
U0343,199.13,4,242,男,广州,2023-10-14 04:45:24.324324324,1.6
U0344,80.78,5,141,男,成都,2023-10-15 00:50:27.027027028,24.9
U0345,84.33,6,199,男,上海,2023-10-15 20:55:29.729729728,63.6
U0346,196.07,6,112,男,杭州,2023-10-16 17:00:32.432432432,15.2
U0347,26.11,8,127,女,成都,2023-10-17 13:05:35.135135136,3.4
U0348,27.41,4,21,女,广州,2023-10-18 09:10:37.837837836,5.1
U0349,62.67,3,147,男,成都,2023-10-19 05:15:40.540540540,13.5
U0350,114.88,3,89,男,nan,2023-10-20 01:20:43.243243244,34.6
U0351,215.53,9,303,男,深圳,2023-10-20 21:25:45.945945948,6.1
U0352,871.68,7,203,男,广州,2023-10-21 17:30:48.648648648,17.7
U0353,415.38,2,85,女,上海,2023-10-22 13:35:51.351351352,36.9
U0354,122.5,2,167,男,杭州,2023-10-23 09:40:54.054054056,20.7
U0355,145.06,4,72,女,nan,2023-10-24 05:45:56.756756756,2.6
U0356,44.57,6,298,女,广州,2023-10-25 01:50:59.459459460,0.1
U0357,145.15,9,9,男,广州,2023-10-25 21:56:02.162162164,6.8
U0358,104.96,11,281,男,广州,2023-10-26 18:01:04.864864864,7.6
U0359,218.6,4,258,nan,杭州,2023-10-27 14:06:07.567567568,2.2
U0360,55.0,7,275,女,上海,2023-10-28 10:11:10.270270272,3.4
U0361,276.78,7,238,女,武汉,2023-10-29 06:16:12.972972972,14.5
U0362,933.82,3,20,女,上海,2023-10-30 02:21:15.675675676,6.4
U0363,130.25,7,233,女,成都,2023-10-30 22:26:18.378378380,3.8
U0364,240.34,5,221,男,深圳,2023-10-31 18:31:21.081081080,9.7
U0365,339.74,2,326,女,杭州,2023-11-01 14:36:23.783783784,10.6
U0366,91.7,9,17,男,上海,2023-11-02 10:41:26.486486488,14.7
U0367,194.2,6,89,女,成都,2023-11-03 06:46:29.189189188,1.7
U0368,150.67,3,196,nan,上海,2023-11-04 02:51:31.891891892,13.5
U0369,166.87,6,350,女,北京,2023-11-04 22:56:34.594594596,9.1
U0370,58.7,3,84,男,杭州,2023-11-05 19:01:37.297297296,0.6
U0371,152.84,2,87,男,成都,2023-11-06 15:06:40.000000000,15.0
U0372,269.78,8,307,女,北京,2023-11-07 11:11:42.702702704,4.8
U0373,846.72,4,338,女,北京,2023-11-08 07:16:45.405405404,4.0
U0374,469.24,5,154,女,武汉,2023-11-09 03:21:48.108108108,5.9
U0375,1966.12,4,228,nan,武汉,2023-11-09 23:26:50.810810812,4.2
U0376,59.1,3,264,女,上海,2023-11-10 19:31:53.513513512,4.1
U0377,422.75,4,223,男,杭州,2023-11-11 15:36:56.216216216,16.5
U0378,184.94,3,121,男,深圳,2023-11-12 11:41:58.918918920,1.3
U0379,2054.45,11,173,男,杭州,2023-11-13 07:47:01.621621620,35.3
U0380,56.26,6,4,女,nan,2023-11-14 03:52:04.324324324,8.1
U0381,54.18,5,342,女,北京,2023-11-14 23:57:07.027027028,2.0
U0382,72.29,5,128,女,武汉,2023-11-15 20:02:09.729729728,1.4
U0383,11.6,5,110,男,深圳,2023-11-16 16:07:12.432432432,9.0
U0384,78.97,3,355,男,杭州,2023-11-17 12:12:15.135135136,10.0
U0385,59.68,6,37,男,成都,2023-11-18 08:17:17.837837840,0.5
U0386,177.77,4,71,女,nan,2023-11-19 04:22:20.540540540,2.8
U0387,223.66,5,289,男,北京,2023-11-20 00:27:23.243243244,15.9
U0388,1410.08,3,31,男,北京,2023-11-20 20:32:25.945945948,0.5
U0389,464.29,7,268,男,上海,2023-11-21 16:37:28.648648648,19.3
U0390,74.27,3,11,女,nan,2023-11-22 12:42:31.351351352,10.7
U0391,50.5,6,344,男,成都,2023-11-23 08:47:34.054054056,5.7
U0392,267.82,7,328,女,杭州,2023-11-24 04:52:36.756756756,4.3
U0393,30.44,1,32,女,北京,2023-11-25 00:57:39.459459460,0.2
U0394,1336.42,6,57,女,nan,2023-11-25 21:02:42.162162164,17.4
U0395,611.14,4,166,女,武汉,2023-11-26 17:07:44.864864864,1.5
U0396,84.52,2,188,男,成都,2023-11-27 13:12:47.567567568,3.7
U0397,19.0,2,342,男,广州,2023-11-28 09:17:50.270270272,8.4
U0398,753.44,5,19,nan,北京,2023-11-29 05:22:52.972972972,2.8
U0399,129.35,5,116,女,杭州,2023-11-30 01:27:55.675675676,6.9
U0400,655.49,3,184,nan,成都,2023-11-30 21:32:58.378378380,16.6
U0401,21.9,5,270,女,北京,2023-12-01 17:38:01.081081080,6.4
U0402,72.29,11,33,男,杭州,2023-12-02 13:43:03.783783784,29.8
U0403,149.35,2,10,男,上海,2023-12-03 09:48:06.486486488,18.8
U0404,157.02,6,80,女,武汉,2023-12-04 05:53:09.189189188,4.1
U0405,86.48,5,192,男,深圳,2023-12-05 01:58:11.891891892,5.1
U0406,313.38,3,320,男,北京,2023-12-05 22:03:14.594594596,5.5
U0407,41.22,4,190,女,深圳,2023-12-06 18:08:17.297297296,9.8
U0408,125.1,10,68,男,广州,2023-12-07 14:13:20.000000000,3.4
U0409,171.46,1,348,男,上海,2023-12-08 10:18:22.702702704,34.8
U0410,275.15,8,125,女,nan,2023-12-09 06:23:25.405405404,9.4
U0411,348.6,3,336,女,北京,2023-12-10 02:28:28.108108108,5.1
U0412,38.49,5,59,男,广州,2023-12-10 22:33:30.810810812,10.4
U0413,23.55,4,97,女,北京,2023-12-11 18:38:33.513513512,5.0
U0414,687.6,11,275,女,北京,2023-12-12 14:43:36.216216216,17.0
U0415,221.14,3,149,男,上海,2023-12-13 10:48:38.918918920,8.4
U0416,60.45,4,278,男,北京,2023-12-14 06:53:41.621621620,0.4
U0417,954.69,3,265,男,杭州,2023-12-15 02:58:44.324324324,1.9
U0418,170.51,3,9,女,北京,2023-12-15 23:03:47.027027028,20.0
U0419,611.04,8,283,男,成都,2023-12-16 19:08:49.729729728,8.3
U0420,160.94,1,273,nan,北京,2023-12-17 15:13:52.432432432,30.0
U0421,1759.7,5,301,女,北京,2023-12-18 11:18:55.135135136,0.8
U0422,1219.76,7,8,女,广州,2023-12-19 07:23:57.837837840,3.5
U0423,110.08,3,208,nan,nan,2023-12-20 03:29:00.540540540,2.2
U0424,476.22,7,125,女,成都,2023-12-20 23:34:03.243243244,8.1
U0425,321.97,5,123,男,武汉,2023-12-21 19:39:05.945945948,4.8
U0426,766.9,7,33,男,北京,2023-12-22 15:44:08.648648648,1.7
U0427,46.62,5,1,女,武汉,2023-12-23 11:49:11.351351352,10.3
U0428,338.07,7,204,男,北京,2023-12-24 07:54:14.054054056,7.7
U0429,528.54,5,6,男,上海,2023-12-25 03:59:16.756756756,3.2
U0430,17.98,4,297,女,杭州,2023-12-26 00:04:19.459459460,6.5
U0431,35.88,5,5,女,广州,2023-12-26 20:09:22.162162164,13.7
U0432,12.84,11,80,男,nan,2023-12-27 16:14:24.864864864,2.3
U0433,107.42,7,274,女,北京,2023-12-28 12:19:27.567567568,3.5
U0434,351.09,6,177,男,nan,2023-12-29 08:24:30.270270272,4.2
U0435,900.39,3,338,女,杭州,2023-12-30 04:29:32.972972972,13.7
U0436,162.21,0,321,男,杭州,2023-12-31 00:34:35.675675676,18.8
U0437,1047.69,10,339,女,北京,2023-12-31 20:39:38.378378380,4.7
U0438,28.33,5,136,男,上海,2024-01-01 16:44:41.081081080,3.5
U0439,19.22,5,25,女,nan,2024-01-02 12:49:43.783783784,22.0
U0440,138.84,3,325,男,广州,2024-01-03 08:54:46.486486488,73.6
U0441,235.3,4,183,男,成都,2024-01-04 04:59:49.189189188,11.1
U0442,142.7,2,168,女,nan,2024-01-05 01:04:51.891891892,46.0
U0443,12.42,2,338,男,上海,2024-01-05 21:09:54.594594596,10.8
U0444,133.36,7,178,男,杭州,2024-01-06 17:14:57.297297296,13.2
U0445,31.02,3,95,男,成都,2024-01-07 13:20:00.000000000,4.9
U0446,331.49,1,33,女,上海,2024-01-08 09:25:02.702702704,5.7
U0447,230.42,3,111,女,北京,2024-01-09 05:30:05.405405404,1.6
U0448,48.05,7,146,男,深圳,2024-01-10 01:35:08.108108108,17.3
U0449,80.11,5,231,女,广州,2024-01-10 21:40:10.810810812,26.7
U0450,41.64,5,272,男,成都,2024-01-11 17:45:13.513513512,9.8
U0451,137.66,4,336,女,北京,2024-01-12 13:50:16.216216216,4.2
U0452,466.93,5,38,男,nan,2024-01-13 09:55:18.918918920,1.7
U0453,45.47,5,135,女,北京,2024-01-14 06:00:21.621621620,3.1
U0454,271.74,3,334,男,杭州,2024-01-15 02:05:24.324324324,2.9
U0455,78.55,3,235,nan,杭州,2024-01-15 22:10:27.027027028,9.5
U0456,57.31,6,319,男,北京,2024-01-16 18:15:29.729729728,29.0
U0457,130.52,6,345,男,上海,2024-01-17 14:20:32.432432432,0.5
U0458,42.85,4,160,男,武汉,2024-01-18 10:25:35.135135136,0.0
U0459,76.37,9,38,女,nan,2024-01-19 06:30:37.837837840,9.2
U0460,35.25,6,150,女,上海,2024-01-20 02:35:40.540540540,3.3
U0461,1568.18,5,308,女,深圳,2024-01-20 22:40:43.243243244,21.2
U0462,154.83,5,29,女,广州,2024-01-21 18:45:45.945945948,4.0
U0463,64.09,4,144,女,北京,2024-01-22 14:50:48.648648648,3.4
U0464,191.86,10,76,女,成都,2024-01-23 10:55:51.351351352,3.1
U0465,129.7,6,145,男,武汉,2024-01-24 07:00:54.054054056,1.6
U0466,113.84,2,229,女,广州,2024-01-25 03:05:56.756756756,8.7
U0467,310.13,4,64,男,nan,2024-01-25 23:10:59.459459460,1.8
U0468,368.34,3,347,女,北京,2024-01-26 19:16:02.162162164,5.5
U0469,78.52,2,345,女,成都,2024-01-27 15:21:04.864864864,6.2
U0470,74.37,5,269,女,深圳,2024-01-28 11:26:07.567567568,0.2
U0471,106.69,6,328,女,深圳,2024-01-29 07:31:10.270270272,0.2
U0472,9.37,5,184,女,深圳,2024-01-30 03:36:12.972972972,7.3
U0473,24.09,10,261,nan,上海,2024-01-30 23:41:15.675675676,11.9
U0474,765.29,5,268,男,成都,2024-01-31 19:46:18.378378380,28.5
U0475,1068.45,5,169,男,成都,2024-02-01 15:51:21.081081080,2.0
U0476,110.07,4,259,女,上海,2024-02-02 11:56:23.783783784,1.1
U0477,296.45,4,227,nan,武汉,2024-02-03 08:01:26.486486488,0.5
U0478,215.62,3,33,男,广州,2024-02-04 04:06:29.189189188,5.7
U0479,5970.92,6,214,男,成都,2024-02-05 00:11:31.891891892,9.8
U0480,568.78,4,50,男,北京,2024-02-05 20:16:34.594594596,18.4
U0481,127.29,2,210,男,上海,2024-02-06 16:21:37.297297296,11.5
U0482,47.15,9,29,女,广州,2024-02-07 12:26:40.000000000,2.3
U0483,21.59,5,39,女,杭州,2024-02-08 08:31:42.702702704,6.2
U0484,189.46,9,347,女,成都,2024-02-09 04:36:45.405405404,24.1
U0485,59.88,5,100,女,广州,2024-02-10 00:41:48.108108108,4.0
U0486,26.93,5,173,女,北京,2024-02-10 20:46:50.810810812,6.9
U0487,68.31,1,17,男,广州,2024-02-11 16:51:53.513513512,31.8
U0488,40.53,5,56,男,成都,2024-02-12 12:56:56.216216216,13.3
U0489,1123.91,8,226,女,成都,2024-02-13 09:01:58.918918920,13.8
U0490,427.51,6,46,男,上海,2024-02-14 05:07:01.621621620,2.9
U0491,147.0,2,67,男,北京,2024-02-15 01:12:04.324324324,5.4
U0492,876.5,5,197,男,武汉,2024-02-15 21:17:07.027027028,0.9
U0493,162.85,5,142,男,北京,2024-02-16 17:22:09.729729728,9.3
U0494,52.8,4,323,男,北京,2024-02-17 13:27:12.432432432,1.1
U0495,923.11,6,23,女,北京,2024-02-18 09:32:15.135135136,18.1
U0496,283.35,5,94,男,深圳,2024-02-19 05:37:17.837837840,16.8
U0497,42.75,6,242,女,深圳,2024-02-20 01:42:20.540540540,7.6
U0498,118.11,5,237,男,杭州,2024-02-20 21:47:23.243243244,1.5
U0499,51.9,4,54,女,上海,2024-02-21 17:52:25.945945948,0.3
U0500,28.24,7,138,女,成都,2024-02-22 13:57:28.648648648,15.9
U0501,450.98,5,333,女,上海,2024-02-23 10:02:31.351351352,9.2
U0502,1467.48,7,272,女,武汉,2024-02-24 06:07:34.054054056,12.4
U0503,27.71,6,41,男,杭州,2024-02-25 02:12:36.756756760,3.6
U0504,291.65,4,98,男,杭州,2024-02-25 22:17:39.459459456,7.1
U0505,67.98,8,183,男,上海,2024-02-26 18:22:42.162162160,13.8
U0506,82.72,4,128,男,北京,2024-02-27 14:27:44.864864864,6.2
U0507,72.9,3,229,男,深圳,2024-02-28 10:32:47.567567568,9.2
U0508,52.63,5,317,女,杭州,2024-02-29 06:37:50.270270272,15.6
U0509,157.31,10,86,女,北京,2024-03-01 02:42:52.972972976,2.4
U0510,54.75,6,256,女,nan,2024-03-01 22:47:55.675675672,0.7
U0511,205.32,4,209,女,nan,2024-03-02 18:52:58.378378376,7.6
U0512,139.73,3,215,女,杭州,2024-03-03 14:58:01.081081080,0.6
U0513,111.42,3,100,女,nan,2024-03-04 11:03:03.783783784,14.5
U0514,49.95,5,49,女,上海,2024-03-05 07:08:06.486486488,12.7
U0515,74.28,2,201,男,北京,2024-03-06 03:13:09.189189192,21.3
U0516,367.41,6,258,男,北京,2024-03-06 23:18:11.891891896,10.2
U0517,270.72,2,178,nan,杭州,2024-03-07 19:23:14.594594592,0.7
U0518,45.92,5,245,女,北京,2024-03-08 15:28:17.297297296,2.9
U0519,167.2,2,123,女,nan,2024-03-09 11:33:20.000000000,16.5
U0520,365.65,6,342,男,北京,2024-03-10 07:38:22.702702704,1.8
U0521,20.02,3,171,女,广州,2024-03-11 03:43:25.405405408,12.0
U0522,284.87,5,333,男,武汉,2024-03-11 23:48:28.108108112,15.2
U0523,67.01,2,136,男,上海,2024-03-12 19:53:30.810810808,4.0
U0524,294.33,6,59,男,上海,2024-03-13 15:58:33.513513512,3.9
U0525,59.39,6,193,女,成都,2024-03-14 12:03:36.216216216,8.2
U0526,17.02,7,268,男,上海,2024-03-15 08:08:38.918918920,19.8
U0527,21.05,6,260,男,上海,2024-03-16 04:13:41.621621624,2.5
U0528,157.23,6,95,男,上海,2024-03-17 00:18:44.324324328,28.3
U0529,202.69,4,125,女,深圳,2024-03-17 20:23:47.027027024,9.1
U0530,50.14,4,41,女,nan,2024-03-18 16:28:49.729729728,48.4
U0531,319.36,7,254,女,武汉,2024-03-19 12:33:52.432432432,0.9
U0532,20.21,5,7,男,上海,2024-03-20 08:38:55.135135136,1.4
U0533,137.1,5,216,女,广州,2024-03-21 04:43:57.837837840,17.5
U0534,34.7,8,69,女,深圳,2024-03-22 00:49:00.540540544,20.0
U0535,67.88,4,69,女,nan,2024-03-22 20:54:03.243243240,5.9
U0536,157.1,2,81,男,上海,2024-03-23 16:59:05.945945944,12.5
U0537,52.85,3,30,女,广州,2024-03-24 13:04:08.648648648,20.2
U0538,93.55,4,73,nan,成都,2024-03-25 09:09:11.351351352,0.4
U0539,496.48,6,262,男,nan,2024-03-26 05:14:14.054054056,8.5
U0540,74.27,9,89,男,上海,2024-03-27 01:19:16.756756760,19.2
U0541,404.57,3,208,男,上海,2024-03-27 21:24:19.459459456,5.1
U0542,38.26,5,213,女,上海,2024-03-28 17:29:22.162162160,3.6
U0543,280.27,3,322,男,北京,2024-03-29 13:34:24.864864864,15.9
U0544,837.05,2,266,男,杭州,2024-03-30 09:39:27.567567568,4.1
U0545,7.64,4,293,男,成都,2024-03-31 05:44:30.270270272,0.0
U0546,57.04,9,207,nan,杭州,2024-04-01 01:49:32.972972976,32.1
U0547,296.63,4,333,女,北京,2024-04-01 21:54:35.675675672,9.0
U0548,116.32,5,77,女,北京,2024-04-02 17:59:38.378378376,17.1
U0549,231.68,8,288,女,上海,2024-04-03 14:04:41.081081080,17.4
U0550,71.9,8,47,男,上海,2024-04-04 10:09:43.783783784,0.7
U0551,164.66,5,110,女,武汉,2024-04-05 06:14:46.486486488,1.9
U0552,123.12,3,200,女,上海,2024-04-06 02:19:49.189189192,3.7
U0553,602.65,9,210,男,北京,2024-04-06 22:24:51.891891896,3.9
U0554,201.4,2,154,女,广州,2024-04-07 18:29:54.594594592,10.8
U0555,222.54,8,10,女,广州,2024-04-08 14:34:57.297297296,9.8
U0556,90.54,7,353,女,深圳,2024-04-09 10:40:00.000000000,6.8
U0557,82.67,6,157,男,武汉,2024-04-10 06:45:02.702702704,2.4
U0558,88.32,9,261,nan,北京,2024-04-11 02:50:05.405405408,4.8
U0559,238.26,3,77,nan,成都,2024-04-11 22:55:08.108108112,7.8
U0560,89.55,6,257,男,广州,2024-04-12 19:00:10.810810808,6.3
U0561,210.13,7,131,男,广州,2024-04-13 15:05:13.513513512,1.4
U0562,1790.91,7,67,男,nan,2024-04-14 11:10:16.216216216,10.5
U0563,422.15,5,228,nan,上海,2024-04-15 07:15:18.918918920,0.8
U0564,100.36,5,163,女,成都,2024-04-16 03:20:21.621621624,4.8
U0565,627.32,1,15,男,上海,2024-04-16 23:25:24.324324328,12.4
U0566,90.95,7,232,男,深圳,2024-04-17 19:30:27.027027024,0.2
U0567,12.86,4,195,男,武汉,2024-04-18 15:35:29.729729728,8.4
U0568,44.27,7,349,女,nan,2024-04-19 11:40:32.432432432,4.1
U0569,15.72,5,30,男,武汉,2024-04-20 07:45:35.135135136,0.1
U0570,97.34,5,359,nan,杭州,2024-04-21 03:50:37.837837840,2.1
U0571,151.73,3,338,女,上海,2024-04-21 23:55:40.540540544,28.3
U0572,1109.57,5,331,女,成都,2024-04-22 20:00:43.243243240,7.4
U0573,219.71,5,316,男,成都,2024-04-23 16:05:45.945945944,58.9
U0574,114.1,4,296,男,北京,2024-04-24 12:10:48.648648648,7.4
U0575,401.53,3,330,女,深圳,2024-04-25 08:15:51.351351352,7.9
U0576,10.45,3,220,男,nan,2024-04-26 04:20:54.054054056,5.0
U0577,196.91,5,147,男,深圳,2024-04-27 00:25:56.756756760,3.7
U0578,374.29,10,259,nan,广州,2024-04-27 20:30:59.459459456,2.9
U0579,25.17,2,292,男,nan,2024-04-28 16:36:02.162162160,4.2
U0580,585.52,5,299,男,上海,2024-04-29 12:41:04.864864864,6.2
U0581,222.78,3,143,男,上海,2024-04-30 08:46:07.567567568,2.1
U0582,90.17,4,235,男,成都,2024-05-01 04:51:10.270270272,2.5
U0583,317.14,6,115,nan,广州,2024-05-02 00:56:12.972972976,3.2
U0584,2263.87,3,365,男,成都,2024-05-02 21:01:15.675675672,6.0
U0585,184.61,4,90,男,上海,2024-05-03 17:06:18.378378376,10.6
U0586,199.91,4,208,女,上海,2024-05-04 13:11:21.081081080,19.4
U0587,85.52,5,164,男,上海,2024-05-05 09:16:23.783783784,3.4
U0588,53.53,8,84,男,nan,2024-05-06 05:21:26.486486488,2.0
U0589,401.98,5,77,男,广州,2024-05-07 01:26:29.189189192,4.8
U0590,53.13,6,161,男,广州,2024-05-07 21:31:31.891891896,22.5
U0591,161.72,3,5,男,北京,2024-05-08 17:36:34.594594592,0.1
U0592,83.66,4,78,男,上海,2024-05-09 13:41:37.297297296,11.3
U0593,263.69,5,91,女,深圳,2024-05-10 09:46:40.000000000,6.5
U0594,221.49,6,87,男,北京,2024-05-11 05:51:42.702702704,1.8
U0595,515.45,7,270,女,深圳,2024-05-12 01:56:45.405405408,3.9
U0596,80.48,5,104,女,深圳,2024-05-12 22:01:48.108108112,2.5
U0597,107.36,2,339,女,武汉,2024-05-13 18:06:50.810810808,21.0
U0598,45.85,6,175,男,成都,2024-05-14 14:11:53.513513512,6.6
U0599,87.08,4,54,男,深圳,2024-05-15 10:16:56.216216216,8.3
U0600,233.4,2,211,女,上海,2024-05-16 06:21:58.918918920,9.0
U0601,368.11,4,95,女,成都,2024-05-17 02:27:01.621621624,10.2
U0602,49.08,2,223,女,成都,2024-05-17 22:32:04.324324328,6.8
U0603,421.38,3,9,男,上海,2024-05-18 18:37:07.027027024,0.2
U0604,755.04,4,53,女,nan,2024-05-19 14:42:09.729729728,4.1
U0605,243.74,7,77,男,北京,2024-05-20 10:47:12.432432432,2.0
U0606,1411.14,5,206,男,北京,2024-05-21 06:52:15.135135136,11.4
U0607,58.64,5,316,男,上海,2024-05-22 02:57:17.837837840,0.6
U0608,33.33,7,302,男,nan,2024-05-22 23:02:20.540540544,8.3
U0609,17.56,9,310,女,深圳,2024-05-23 19:07:23.243243240,2.4
U0610,893.6,7,330,女,武汉,2024-05-24 15:12:25.945945944,29.7
U0611,325.46,6,112,女,上海,2024-05-25 11:17:28.648648648,4.1
U0612,138.84,6,351,女,深圳,2024-05-26 07:22:31.351351352,3.9
U0613,207.67,9,165,女,广州,2024-05-27 03:27:34.054054056,25.7
U0614,38.45,2,279,女,武汉,2024-05-27 23:32:36.756756760,5.4
U0615,2793.09,3,27,男,北京,2024-05-28 19:37:39.459459456,32.9
U0616,173.31,9,70,女,上海,2024-05-29 15:42:42.162162160,0.2
U0617,169.23,3,218,男,上海,2024-05-30 11:47:44.864864864,3.7
U0618,354.58,8,365,男,nan,2024-05-31 07:52:47.567567568,11.0
U0619,264.33,5,189,男,深圳,2024-06-01 03:57:50.270270272,22.2
U0620,194.16,4,333,男,广州,2024-06-02 00:02:52.972972976,3.0
U0621,57.48,9,306,女,深圳,2024-06-02 20:07:55.675675672,26.7
U0622,261.32,2,124,女,nan,2024-06-03 16:12:58.378378376,9.0
U0623,1420.02,5,19,男,nan,2024-06-04 12:18:01.081081080,16.1
U0624,745.83,10,257,nan,成都,2024-06-05 08:23:03.783783784,5.1
U0625,1004.08,5,296,女,上海,2024-06-06 04:28:06.486486488,2.4
U0626,80.36,4,22,女,上海,2024-06-07 00:33:09.189189192,24.2
U0627,45.26,7,40,女,nan,2024-06-07 20:38:11.891891896,27.1
U0628,127.62,3,38,男,深圳,2024-06-08 16:43:14.594594592,6.9
U0629,158.68,6,48,女,上海,2024-06-09 12:48:17.297297296,0.1
U0630,551.71,3,183,女,深圳,2024-06-10 08:53:20.000000000,1.2
U0631,19.47,3,75,nan,nan,2024-06-11 04:58:22.702702704,8.5
U0632,930.26,4,209,女,广州,2024-06-12 01:03:25.405405408,0.2
U0633,122.78,1,183,女,杭州,2024-06-12 21:08:28.108108112,5.1
U0634,88.92,2,107,女,武汉,2024-06-13 17:13:30.810810808,3.6
U0635,44.06,4,188,男,深圳,2024-06-14 13:18:33.513513512,12.5
U0636,20.37,5,264,男,上海,2024-06-15 09:23:36.216216216,0.6
U0637,398.54,8,86,男,nan,2024-06-16 05:28:38.918918920,6.7
U0638,162.06,7,324,男,nan,2024-06-17 01:33:41.621621624,8.7
U0639,31.56,7,331,男,nan,2024-06-17 21:38:44.324324328,9.6
U0640,31.37,2,137,女,成都,2024-06-18 17:43:47.027027024,5.2
U0641,99.19,6,346,女,上海,2024-06-19 13:48:49.729729728,3.6
U0642,1099.74,8,336,nan,nan,2024-06-20 09:53:52.432432432,11.5
U0643,108.69,6,95,女,上海,2024-06-21 05:58:55.135135136,18.8
U0644,24.44,4,326,女,武汉,2024-06-22 02:03:57.837837840,11.8
U0645,110.51,4,245,女,nan,2024-06-22 22:09:00.540540544,26.9
U0646,106.99,4,90,女,杭州,2024-06-23 18:14:03.243243240,12.6
U0647,5.83,1,59,女,武汉,2024-06-24 14:19:05.945945944,14.5
U0648,139.05,6,28,男,武汉,2024-06-25 10:24:08.648648648,1.8
U0649,112.49,8,72,男,上海,2024-06-26 06:29:11.351351352,5.4
U0650,342.22,7,270,男,成都,2024-06-27 02:34:14.054054056,6.6
U0651,1364.78,7,24,女,北京,2024-06-27 22:39:16.756756760,3.0
U0652,573.57,6,112,女,深圳,2024-06-28 18:44:19.459459456,7.5
U0653,107.48,6,300,女,上海,2024-06-29 14:49:22.162162160,3.4
U0654,39.34,4,56,男,广州,2024-06-30 10:54:24.864864864,11.6
U0655,3255.27,3,223,女,武汉,2024-07-01 06:59:27.567567568,6.4
U0656,159.34,6,120,女,nan,2024-07-02 03:04:30.270270272,6.1
U0657,150.91,3,179,男,广州,2024-07-02 23:09:32.972972976,41.1
U0658,144.18,10,288,女,深圳,2024-07-03 19:14:35.675675672,5.0
U0659,188.24,5,281,女,深圳,2024-07-04 15:19:38.378378376,4.5
U0660,124.81,6,189,nan,nan,2024-07-05 11:24:41.081081080,3.8
U0661,74.56,6,66,女,深圳,2024-07-06 07:29:43.783783784,22.5
U0662,77.0,4,298,男,成都,2024-07-07 03:34:46.486486488,6.9
U0663,142.69,6,249,男,nan,2024-07-07 23:39:49.189189192,9.2
U0664,77.32,5,76,男,广州,2024-07-08 19:44:51.891891896,2.0
U0665,63.09,3,137,女,nan,2024-07-09 15:49:54.594594592,7.8
U0666,168.63,2,164,男,nan,2024-07-10 11:54:57.297297296,3.2
U0667,109.29,3,233,nan,nan,2024-07-11 08:00:00.000000000,13.1
U0668,902.16,2,255,女,上海,2024-07-12 04:05:02.702702704,17.9
U0669,6.16,8,294,nan,广州,2024-07-13 00:10:05.405405408,12.5
U0670,549.94,7,170,男,nan,2024-07-13 20:15:08.108108112,13.1
U0671,662.02,4,317,女,广州,2024-07-14 16:20:10.810810808,7.2
U0672,12.33,3,174,女,杭州,2024-07-15 12:25:13.513513512,12.5
U0673,98.37,3,345,nan,北京,2024-07-16 08:30:16.216216216,5.5
U0674,95.04,6,18,男,北京,2024-07-17 04:35:18.918918920,10.5
U0675,27.41,5,70,男,广州,2024-07-18 00:40:21.621621624,3.0
U0676,58.36,1,338,女,杭州,2024-07-18 20:45:24.324324328,0.7
U0677,39.15,8,116,男,广州,2024-07-19 16:50:27.027027024,5.3
U0678,1215.27,9,80,男,杭州,2024-07-20 12:55:29.729729728,6.2
U0679,456.15,4,15,男,深圳,2024-07-21 09:00:32.432432432,3.0
U0680,682.57,7,176,女,成都,2024-07-22 05:05:35.135135136,13.0
U0681,352.84,3,269,女,成都,2024-07-23 01:10:37.837837840,0.8
U0682,38.29,7,119,男,深圳,2024-07-23 21:15:40.540540544,2.5
U0683,79.09,5,299,男,深圳,2024-07-24 17:20:43.243243240,13.8
U0684,267.0,6,188,女,北京,2024-07-25 13:25:45.945945944,5.7
U0685,34.24,8,57,女,深圳,2024-07-26 09:30:48.648648648,12.2
U0686,349.18,2,199,男,杭州,2024-07-27 05:35:51.351351352,8.4
U0687,111.23,4,17,男,深圳,2024-07-28 01:40:54.054054056,30.1
U0688,94.65,9,288,女,广州,2024-07-28 21:45:56.756756760,9.1
U0689,348.33,4,55,nan,成都,2024-07-29 17:50:59.459459456,0.1
U0690,252.93,4,269,nan,北京,2024-07-30 13:56:02.162162160,4.4
U0691,96.24,3,303,女,nan,2024-07-31 10:01:04.864864864,1.5
U0692,596.57,4,87,男,北京,2024-08-01 06:06:07.567567568,25.9
U0693,40.56,4,318,女,nan,2024-08-02 02:11:10.270270272,1.1
U0694,310.79,6,29,男,深圳,2024-08-02 22:16:12.972972976,4.9
U0695,302.39,7,22,女,广州,2024-08-03 18:21:15.675675672,2.6
U0696,102.36,3,321,男,上海,2024-08-04 14:26:18.378378376,18.8
U0697,219.5,6,285,女,北京,2024-08-05 10:31:21.081081080,3.7
U0698,33.07,8,48,女,上海,2024-08-06 06:36:23.783783784,48.2
U0699,449.81,7,5,男,北京,2024-08-07 02:41:26.486486488,0.4
U0700,118.88,3,250,女,成都,2024-08-07 22:46:29.189189192,1.4
U0701,79.26,4,163,男,广州,2024-08-08 18:51:31.891891896,2.5
U0702,522.6,6,202,男,武汉,2024-08-09 14:56:34.594594592,16.7
U0703,63.74,8,101,男,上海,2024-08-10 11:01:37.297297296,21.1
U0704,27.38,3,71,男,nan,2024-08-11 07:06:40.000000000,0.7
U0705,22.92,4,163,男,深圳,2024-08-12 03:11:42.702702704,0.3
U0706,307.11,3,173,女,北京,2024-08-12 23:16:45.405405408,13.6
U0707,31.93,8,141,男,广州,2024-08-13 19:21:48.108108112,1.4
U0708,1218.96,1,138,男,上海,2024-08-14 15:26:50.810810808,1.4
U0709,12.2,3,66,男,上海,2024-08-15 11:31:53.513513512,0.2
U0710,1136.54,7,198,女,深圳,2024-08-16 07:36:56.216216216,0.5
U0711,191.18,5,328,女,成都,2024-08-17 03:41:58.918918920,3.1
U0712,132.15,9,228,女,nan,2024-08-17 23:47:01.621621624,0.7
U0713,77.18,5,281,女,深圳,2024-08-18 19:52:04.324324328,4.6
U0714,239.6,4,172,女,nan,2024-08-19 15:57:07.027027024,17.9
U0715,141.86,5,316,女,nan,2024-08-20 12:02:09.729729728,4.0
U0716,557.78,7,40,女,nan,2024-08-21 08:07:12.432432432,13.0
U0717,170.22,3,7,男,深圳,2024-08-22 04:12:15.135135136,1.0
U0718,177.75,6,174,女,北京,2024-08-23 00:17:17.837837840,10.8
U0719,95.93,7,151,女,上海,2024-08-23 20:22:20.540540544,3.8
U0720,138.61,4,211,女,成都,2024-08-24 16:27:23.243243240,13.9
U0721,214.73,4,302,女,深圳,2024-08-25 12:32:25.945945944,1.5
U0722,19.06,4,86,女,北京,2024-08-26 08:37:28.648648648,22.8
U0723,29.43,3,253,女,深圳,2024-08-27 04:42:31.351351352,2.8
U0724,362.1,4,21,男,北京,2024-08-28 00:47:34.054054056,4.4
U0725,182.19,2,257,男,成都,2024-08-28 20:52:36.756756760,30.0
U0726,119.01,7,33,男,北京,2024-08-29 16:57:39.459459456,8.6
U0727,151.73,6,260,女,杭州,2024-08-30 13:02:42.162162160,4.6
U0728,225.22,7,234,女,武汉,2024-08-31 09:07:44.864864864,29.9
U0729,77.66,5,3,女,北京,2024-09-01 05:12:47.567567568,4.0
U0730,58.33,4,347,女,深圳,2024-09-02 01:17:50.270270272,1.0
U0731,187.73,5,308,女,武汉,2024-09-02 21:22:52.972972976,57.6
U0732,45.88,4,227,女,上海,2024-09-03 17:27:55.675675672,3.1
U0733,242.23,7,284,女,上海,2024-09-04 13:32:58.378378376,19.1
U0734,19.24,5,70,女,广州,2024-09-05 09:38:01.081081080,1.8
U0735,510.29,6,313,女,杭州,2024-09-06 05:43:03.783783784,13.1
U0736,261.68,5,364,男,杭州,2024-09-07 01:48:06.486486488,7.4
U0737,201.79,2,254,女,北京,2024-09-07 21:53:09.189189192,39.6
U0738,482.62,4,144,男,深圳,2024-09-08 17:58:11.891891896,8.0
U0739,1095.07,4,24,男,上海,2024-09-09 14:03:14.594594592,0.3
U0740,501.32,6,234,女,nan,2024-09-10 10:08:17.297297296,9.3
U0741,16.3,11,333,女,广州,2024-09-11 06:13:20.000000000,1.6
U0742,31.96,6,175,nan,武汉,2024-09-12 02:18:22.702702704,16.0
U0743,70.12,8,332,男,深圳,2024-09-12 22:23:25.405405408,19.4
U0744,153.13,5,325,女,成都,2024-09-13 18:28:28.108108112,6.6
U0745,276.22,3,357,男,深圳,2024-09-14 14:33:30.810810808,15.3
U0746,62.12,5,159,男,杭州,2024-09-15 10:38:33.513513512,1.6
U0747,185.7,1,348,男,广州,2024-09-16 06:43:36.216216216,6.8
U0748,59.95,8,348,男,武汉,2024-09-17 02:48:38.918918920,5.0
U0749,71.25,6,286,男,深圳,2024-09-17 22:53:41.621621624,9.4
U0750,27.44,4,18,男,深圳,2024-09-18 18:58:44.324324328,0.5
U0751,49.01,7,44,男,深圳,2024-09-19 15:03:47.027027024,13.9
U0752,29.31,1,155,女,武汉,2024-09-20 11:08:49.729729728,0.8
U0753,46.01,7,355,男,成都,2024-09-21 07:13:52.432432432,10.7
U0754,525.51,3,231,女,广州,2024-09-22 03:18:55.135135136,0.2
U0755,47.5,9,316,女,成都,2024-09-22 23:23:57.837837840,17.8
U0756,3494.2,4,225,女,成都,2024-09-23 19:29:00.540540544,1.9
U0757,268.27,2,217,女,nan,2024-09-24 15:34:03.243243240,7.2
U0758,185.27,4,56,女,nan,2024-09-25 11:39:05.945945944,3.0
U0759,52.98,6,31,女,成都,2024-09-26 07:44:08.648648648,12.8
U0760,343.91,2,357,男,广州,2024-09-27 03:49:11.351351352,3.9
U0761,74.38,1,59,女,武汉,2024-09-27 23:54:14.054054056,12.9
U0762,171.81,7,353,女,杭州,2024-09-28 19:59:16.756756760,3.4
U0763,3203.83,7,235,男,nan,2024-09-29 16:04:19.459459456,14.0
U0764,132.25,6,107,男,上海,2024-09-30 12:09:22.162162160,0.3
U0765,589.41,8,191,男,北京,2024-10-01 08:14:24.864864864,3.3
U0766,63.83,7,18,女,北京,2024-10-02 04:19:27.567567568,6.9
U0767,142.31,5,226,男,成都,2024-10-03 00:24:30.270270272,0.5
U0768,1242.6,6,167,女,nan,2024-10-03 20:29:32.972972976,2.1
U0769,69.94,6,71,男,北京,2024-10-04 16:34:35.675675680,27.3
U0770,1306.28,7,362,女,成都,2024-10-05 12:39:38.378378376,37.7
U0771,346.99,6,54,男,成都,2024-10-06 08:44:41.081081080,13.5
U0772,75.57,3,245,男,成都,2024-10-07 04:49:43.783783784,2.9
U0773,317.0,3,350,女,广州,2024-10-08 00:54:46.486486488,3.0
U0774,476.78,1,76,男,武汉,2024-10-08 20:59:49.189189192,10.4
U0775,312.99,5,35,男,北京,2024-10-09 17:04:51.891891896,1.3
U0776,22.55,3,267,男,武汉,2024-10-10 13:09:54.594594592,29.6
U0777,62.02,9,317,女,上海,2024-10-11 09:14:57.297297296,2.5
U0778,110.28,8,300,女,深圳,2024-10-12 05:20:00.000000000,79.2
U0779,135.73,4,121,女,武汉,2024-10-13 01:25:02.702702704,6.8
U0780,312.56,2,324,女,上海,2024-10-13 21:30:05.405405408,14.8
U0781,183.69,3,25,男,上海,2024-10-14 17:35:08.108108112,0.0
U0782,29.89,2,160,女,成都,2024-10-15 13:40:10.810810808,22.0
U0783,234.21,4,84,女,深圳,2024-10-16 09:45:13.513513512,3.1
U0784,308.8,4,114,男,深圳,2024-10-17 05:50:16.216216216,11.0
U0785,290.54,5,223,男,上海,2024-10-18 01:55:18.918918920,16.4
U0786,542.91,8,166,男,北京,2024-10-18 22:00:21.621621624,1.8
U0787,403.71,6,191,女,广州,2024-10-19 18:05:24.324324328,5.8
U0788,257.5,3,175,男,北京,2024-10-20 14:10:27.027027024,6.8
U0789,136.43,5,1,女,nan,2024-10-21 10:15:29.729729728,3.7
U0790,20.22,6,229,男,北京,2024-10-22 06:20:32.432432432,6.6
U0791,248.52,3,86,男,深圳,2024-10-23 02:25:35.135135136,3.8
U0792,190.42,8,62,男,北京,2024-10-23 22:30:37.837837840,4.5
U0793,205.59,8,320,男,北京,2024-10-24 18:35:40.540540544,11.1
U0794,32.07,5,206,男,成都,2024-10-25 14:40:43.243243240,10.0
U0795,40.56,4,105,男,成都,2024-10-26 10:45:45.945945944,2.6
U0796,525.2,2,318,男,北京,2024-10-27 06:50:48.648648648,22.8
U0797,141.53,6,291,男,北京,2024-10-28 02:55:51.351351352,19.9
U0798,336.23,5,250,男,北京,2024-10-28 23:00:54.054054056,7.1
U0799,153.54,6,13,nan,武汉,2024-10-29 19:05:56.756756760,5.7
U0800,153.81,7,163,女,杭州,2024-10-30 15:10:59.459459456,4.7
U0801,457.57,3,43,女,北京,2024-10-31 11:16:02.162162160,12.3
U0802,79.9,9,111,男,深圳,2024-11-01 07:21:04.864864864,11.1
U0803,166.56,2,205,男,成都,2024-11-02 03:26:07.567567568,2.2
U0804,85.22,0,256,男,nan,2024-11-02 23:31:10.270270272,11.1
U0805,88.11,6,307,女,nan,2024-11-03 19:36:12.972972976,2.9
U0806,102.41,4,144,女,广州,2024-11-04 15:41:15.675675680,0.2
U0807,193.75,6,146,男,北京,2024-11-05 11:46:18.378378376,12.0
U0808,83.55,4,301,女,上海,2024-11-06 07:51:21.081081080,10.4
U0809,669.75,5,164,女,武汉,2024-11-07 03:56:23.783783784,5.3
U0810,50.73,2,169,男,nan,2024-11-08 00:01:26.486486488,7.5
U0811,118.6,5,298,男,深圳,2024-11-08 20:06:29.189189192,29.4
U0812,87.56,4,233,女,广州,2024-11-09 16:11:31.891891896,9.0
U0813,842.5,3,271,女,深圳,2024-11-10 12:16:34.594594592,10.7
U0814,187.89,5,60,男,广州,2024-11-11 08:21:37.297297296,0.7
U0815,511.94,3,296,男,上海,2024-11-12 04:26:40.000000000,1.8
U0816,24.96,3,235,女,杭州,2024-11-13 00:31:42.702702704,3.6
U0817,204.48,4,165,男,北京,2024-11-13 20:36:45.405405408,7.8
U0818,431.62,8,194,女,上海,2024-11-14 16:41:48.108108112,15.0
U0819,163.82,5,234,女,成都,2024-11-15 12:46:50.810810808,3.9
U0820,533.03,4,183,男,北京,2024-11-16 08:51:53.513513512,4.4
U0821,79.78,4,333,男,北京,2024-11-17 04:56:56.216216216,3.0
U0822,805.3,4,232,女,上海,2024-11-18 01:01:58.918918920,2.9
U0823,2341.81,4,361,男,nan,2024-11-18 21:07:01.621621624,29.7
U0824,96.02,7,107,男,武汉,2024-11-19 17:12:04.324324328,10.1
U0825,86.96,8,223,女,北京,2024-11-20 13:17:07.027027024,1.7
U0826,849.0,7,80,男,深圳,2024-11-21 09:22:09.729729728,12.8
U0827,987.81,3,234,男,上海,2024-11-22 05:27:12.432432432,12.8
U0828,79.25,6,184,男,成都,2024-11-23 01:32:15.135135136,11.0
U0829,89.64,6,185,女,成都,2024-11-23 21:37:17.837837840,1.4
U0830,105.83,4,134,男,nan,2024-11-24 17:42:20.540540544,5.2
U0831,29.57,6,220,nan,深圳,2024-11-25 13:47:23.243243240,1.1
U0832,49.28,9,288,女,nan,2024-11-26 09:52:25.945945944,17.0
U0833,44.48,6,364,男,nan,2024-11-27 05:57:28.648648648,10.6
U0834,59.07,4,202,男,nan,2024-11-28 02:02:31.351351352,7.1
U0835,142.36,6,146,男,杭州,2024-11-28 22:07:34.054054056,4.2
U0836,196.58,7,324,女,广州,2024-11-29 18:12:36.756756760,2.0
U0837,953.94,4,127,女,广州,2024-11-30 14:17:39.459459456,1.1
U0838,44.79,3,135,女,北京,2024-12-01 10:22:42.162162160,34.8
U0839,483.57,4,114,男,上海,2024-12-02 06:27:44.864864864,2.2
U0840,114.8,5,264,女,成都,2024-12-03 02:32:47.567567568,0.6
U0841,139.86,3,64,男,杭州,2024-12-03 22:37:50.270270272,32.6
U0842,333.55,5,135,女,nan,2024-12-04 18:42:52.972972976,8.0
U0843,38.58,3,41,女,北京,2024-12-05 14:47:55.675675680,15.9
U0844,234.84,5,296,男,上海,2024-12-06 10:52:58.378378376,0.4
U0845,181.23,5,3,男,武汉,2024-12-07 06:58:01.081081080,8.4
U0846,267.99,5,194,女,广州,2024-12-08 03:03:03.783783784,5.1
U0847,209.98,6,110,女,北京,2024-12-08 23:08:06.486486488,14.8
U0848,2825.27,6,221,男,nan,2024-12-09 19:13:09.189189192,0.4
U0849,69.04,6,4,男,武汉,2024-12-10 15:18:11.891891896,5.1
U0850,78.48,5,244,女,广州,2024-12-11 11:23:14.594594592,16.0
U0851,70.26,7,166,男,武汉,2024-12-12 07:28:17.297297296,7.4
U0852,76.21,3,26,男,成都,2024-12-13 03:33:20.000000000,8.0
U0853,69.07,5,17,男,武汉,2024-12-13 23:38:22.702702704,1.0
U0854,618.2,7,216,男,武汉,2024-12-14 19:43:25.405405408,1.4
U0855,816.16,2,92,女,北京,2024-12-15 15:48:28.108108112,11.3
U0856,74.82,8,31,nan,杭州,2024-12-16 11:53:30.810810808,11.2
U0857,54.66,4,205,女,北京,2024-12-17 07:58:33.513513512,38.7
U0858,261.31,2,207,男,北京,2024-12-18 04:03:36.216216216,12.4
U0859,76.5,5,107,女,nan,2024-12-19 00:08:38.918918920,6.8
U0860,317.2,5,146,女,深圳,2024-12-19 20:13:41.621621624,19.5
U0861,189.33,4,101,男,成都,2024-12-20 16:18:44.324324328,1.1
U0862,24.07,6,318,女,武汉,2024-12-21 12:23:47.027027024,6.0
U0863,950.52,8,241,男,nan,2024-12-22 08:28:49.729729728,3.4
U0864,1280.56,4,247,nan,nan,2024-12-23 04:33:52.432432432,1.1
U0865,71.14,3,163,男,深圳,2024-12-24 00:38:55.135135136,14.4
U0866,93.2,6,173,女,广州,2024-12-24 20:43:57.837837840,7.1
U0867,209.15,4,35,男,上海,2024-12-25 16:49:00.540540544,8.1
U0868,221.71,2,284,男,广州,2024-12-26 12:54:03.243243240,5.3
U0869,327.1,3,359,男,广州,2024-12-27 08:59:05.945945944,6.2
U0870,1656.14,1,358,女,杭州,2024-12-28 05:04:08.648648648,1.2
U0871,120.02,9,21,女,成都,2024-12-29 01:09:11.351351352,11.2
U0872,56.94,5,308,女,nan,2024-12-29 21:14:14.054054056,5.7
U0873,28.36,3,163,女,成都,2024-12-30 17:19:16.756756760,17.0
U0874,61.74,4,97,女,成都,2024-12-31 13:24:19.459459456,2.2
U0875,142.63,3,307,男,广州,2025-01-01 09:29:22.162162160,2.3
U0876,1278.53,4,339,男,北京,2025-01-02 05:34:24.864864864,10.4
U0877,79.75,6,55,女,上海,2025-01-03 01:39:27.567567568,18.7
U0878,194.13,4,333,女,武汉,2025-01-03 21:44:30.270270272,6.4
U0879,145.52,2,127,女,上海,2025-01-04 17:49:32.972972976,13.0
U0880,617.74,6,193,男,成都,2025-01-05 13:54:35.675675680,73.1
U0881,3078.87,3,243,男,杭州,2025-01-06 09:59:38.378378376,46.3
U0882,78.49,6,349,女,上海,2025-01-07 06:04:41.081081080,13.6
U0883,82.49,2,88,女,上海,2025-01-08 02:09:43.783783784,13.5
U0884,519.57,8,336,男,深圳,2025-01-08 22:14:46.486486488,2.8
U0885,336.39,3,215,女,广州,2025-01-09 18:19:49.189189192,17.9
U0886,1361.1,6,92,女,武汉,2025-01-10 14:24:51.891891896,5.2
U0887,299.08,4,303,男,成都,2025-01-11 10:29:54.594594592,32.7
U0888,96.43,5,235,女,杭州,2025-01-12 06:34:57.297297296,0.8
U0889,301.5,6,184,女,武汉,2025-01-13 02:40:00.000000000,5.7
U0890,561.41,1,38,女,杭州,2025-01-13 22:45:02.702702704,8.1
U0891,397.26,5,139,女,nan,2025-01-14 18:50:05.405405408,5.2
U0892,272.8,7,195,女,上海,2025-01-15 14:55:08.108108112,2.4
U0893,533.79,6,15,男,成都,2025-01-16 11:00:10.810810808,9.0
U0894,603.75,6,257,男,广州,2025-01-17 07:05:13.513513512,14.1
U0895,779.45,7,135,男,上海,2025-01-18 03:10:16.216216216,10.4
U0896,323.26,4,1,男,上海,2025-01-18 23:15:18.918918920,2.7
U0897,121.44,3,49,男,杭州,2025-01-19 19:20:21.621621624,13.2
U0898,176.98,8,96,男,上海,2025-01-20 15:25:24.324324328,3.0
U0899,631.32,4,201,男,上海,2025-01-21 11:30:27.027027024,1.9
U0900,55.68,5,26,男,nan,2025-01-22 07:35:29.729729728,11.7
U0901,231.0,5,343,女,武汉,2025-01-23 03:40:32.432432432,18.5
U0902,92.57,3,235,男,武汉,2025-01-23 23:45:35.135135136,6.6
U0903,153.62,9,349,女,武汉,2025-01-24 19:50:37.837837840,7.6
U0904,688.24,8,244,女,nan,2025-01-25 15:55:40.540540544,3.6
U0905,186.67,6,358,男,杭州,2025-01-26 12:00:43.243243240,6.8
U0906,156.92,3,327,女,上海,2025-01-27 08:05:45.945945944,1.4
U0907,29.03,5,351,女,nan,2025-01-28 04:10:48.648648648,31.2
U0908,363.4,5,51,男,武汉,2025-01-29 00:15:51.351351352,16.1
U0909,322.01,5,81,男,广州,2025-01-29 20:20:54.054054056,11.0
U0910,1990.03,3,36,男,深圳,2025-01-30 16:25:56.756756760,7.7
U0911,102.58,7,67,男,广州,2025-01-31 12:30:59.459459456,15.7
U0912,193.06,3,129,男,nan,2025-02-01 08:36:02.162162160,6.8
U0913,200.19,0,155,女,广州,2025-02-02 04:41:04.864864864,3.6
U0914,985.3,6,245,女,nan,2025-02-03 00:46:07.567567568,1.7
U0915,132.38,6,111,女,nan,2025-02-03 20:51:10.270270272,10.4
U0916,207.44,4,168,男,杭州,2025-02-04 16:56:12.972972976,26.5
U0917,307.81,5,142,男,杭州,2025-02-05 13:01:15.675675680,1.7
U0918,185.66,9,356,男,广州,2025-02-06 09:06:18.378378376,2.0
U0919,86.86,5,197,男,北京,2025-02-07 05:11:21.081081080,5.7
U0920,187.34,4,109,男,北京,2025-02-08 01:16:23.783783784,16.4
U0921,538.27,3,79,女,武汉,2025-02-08 21:21:26.486486488,3.5
U0922,43.3,6,161,男,深圳,2025-02-09 17:26:29.189189192,2.9
U0923,174.09,2,19,女,北京,2025-02-10 13:31:31.891891896,9.7
U0924,64.06,6,127,男,上海,2025-02-11 09:36:34.594594592,7.7
U0925,622.69,6,205,nan,nan,2025-02-12 05:41:37.297297296,0.6
U0926,23.86,6,29,女,广州,2025-02-13 01:46:40.000000000,0.9
U0927,75.89,5,207,女,nan,2025-02-13 21:51:42.702702704,10.3
U0928,233.38,3,280,男,广州,2025-02-14 17:56:45.405405408,6.3
U0929,971.29,4,151,女,杭州,2025-02-15 14:01:48.108108112,35.4
U0930,137.15,4,240,女,北京,2025-02-16 10:06:50.810810808,11.3
U0931,76.23,5,266,女,深圳,2025-02-17 06:11:53.513513512,0.1
U0932,1418.55,4,182,女,杭州,2025-02-18 02:16:56.216216216,6.6
U0933,26.11,4,105,女,上海,2025-02-18 22:21:58.918918920,5.4
U0934,10.61,5,236,男,杭州,2025-02-19 18:27:01.621621624,1.1
U0935,251.64,5,173,女,成都,2025-02-20 14:32:04.324324328,25.7
U0936,81.25,5,158,女,成都,2025-02-21 10:37:07.027027024,16.3
U0937,43.58,7,172,男,武汉,2025-02-22 06:42:09.729729728,2.6
U0938,347.24,3,311,男,广州,2025-02-23 02:47:12.432432432,3.0
U0939,198.85,2,157,男,杭州,2025-02-23 22:52:15.135135136,0.3
U0940,75.42,4,258,女,nan,2025-02-24 18:57:17.837837840,3.5
U0941,31.93,4,164,男,nan,2025-02-25 15:02:20.540540544,8.8
U0942,422.82,6,147,男,nan,2025-02-26 11:07:23.243243240,5.5
U0943,323.84,3,154,男,广州,2025-02-27 07:12:25.945945944,34.8
U0944,131.76,5,38,女,武汉,2025-02-28 03:17:28.648648648,0.6
U0945,1360.99,5,131,男,杭州,2025-02-28 23:22:31.351351352,9.0
U0946,41.1,5,358,女,北京,2025-03-01 19:27:34.054054056,19.5
U0947,23.79,5,255,男,武汉,2025-03-02 15:32:36.756756760,6.6
U0948,64.7,3,208,女,成都,2025-03-03 11:37:39.459459456,0.0
U0949,140.51,10,95,nan,上海,2025-03-04 07:42:42.162162160,2.8
U0950,198.74,5,348,男,北京,2025-03-05 03:47:44.864864864,3.9
U0951,111.11,4,327,男,武汉,2025-03-05 23:52:47.567567568,33.8
U0952,226.44,4,171,女,北京,2025-03-06 19:57:50.270270272,24.3
U0953,33.05,7,250,男,北京,2025-03-07 16:02:52.972972976,29.8
U0954,839.26,3,190,男,深圳,2025-03-08 12:07:55.675675680,17.5
U0955,134.48,6,199,女,北京,2025-03-09 08:12:58.378378376,4.3
U0956,567.22,2,221,nan,nan,2025-03-10 04:18:01.081081080,23.6
U0957,223.92,4,24,女,深圳,2025-03-11 00:23:03.783783784,40.0
U0958,256.75,4,244,男,杭州,2025-03-11 20:28:06.486486488,4.3
U0959,294.04,4,324,男,nan,2025-03-12 16:33:09.189189192,3.0
U0960,253.98,8,128,男,深圳,2025-03-13 12:38:11.891891896,7.9
U0961,320.94,5,93,女,广州,2025-03-14 08:43:14.594594592,2.1
U0962,731.42,8,300,女,武汉,2025-03-15 04:48:17.297297296,0.3
U0963,187.88,5,133,女,深圳,2025-03-16 00:53:20.000000000,29.2
U0964,347.51,7,55,男,广州,2025-03-16 20:58:22.702702704,26.0
U0965,133.26,8,158,女,成都,2025-03-17 17:03:25.405405408,1.8
U0966,835.59,3,29,男,武汉,2025-03-18 13:08:28.108108112,5.2
U0967,65.91,4,211,男,武汉,2025-03-19 09:13:30.810810808,17.8
U0968,1288.36,6,154,女,nan,2025-03-20 05:18:33.513513512,10.8
U0969,141.43,4,293,男,武汉,2025-03-21 01:23:36.216216216,5.0
U0970,26.66,4,222,女,武汉,2025-03-21 21:28:38.918918920,13.6
U0971,173.08,6,115,女,nan,2025-03-22 17:33:41.621621624,22.7
U0972,65.55,2,158,nan,北京,2025-03-23 13:38:44.324324328,26.1
U0973,406.98,4,259,女,广州,2025-03-24 09:43:47.027027024,4.8
U0974,67.82,2,251,女,成都,2025-03-25 05:48:49.729729728,1.9
U0975,86.88,8,122,女,杭州,2025-03-26 01:53:52.432432432,24.4
U0976,15.37,7,299,男,上海,2025-03-26 21:58:55.135135136,1.0
U0977,86.25,2,263,男,广州,2025-03-27 18:03:57.837837840,12.8
U0978,8.1,5,49,女,广州,2025-03-28 14:09:00.540540544,1.5
U0979,22.18,6,329,女,杭州,2025-03-29 10:14:03.243243240,4.9
U0980,369.63,7,297,女,武汉,2025-03-30 06:19:05.945945944,5.3
U0981,381.06,7,362,男,nan,2025-03-31 02:24:08.648648648,1.7
U0982,247.29,7,77,男,武汉,2025-03-31 22:29:11.351351352,25.6
U0983,46.51,6,127,男,nan,2025-04-01 18:34:14.054054056,0.0
U0984,140.15,5,197,女,深圳,2025-04-02 14:39:16.756756760,22.4
U0985,147.77,5,221,女,广州,2025-04-03 10:44:19.459459456,21.5
U0986,36.96,8,91,女,广州,2025-04-04 06:49:22.162162160,3.8
U0987,901.52,7,8,男,杭州,2025-04-05 02:54:24.864864864,12.2
U0988,425.32,4,32,男,北京,2025-04-05 22:59:27.567567568,2.9
U0989,113.85,5,320,女,杭州,2025-04-06 19:04:30.270270272,14.2
U0990,153.28,8,269,女,成都,2025-04-07 15:09:32.972972976,8.2
U0991,190.58,5,191,男,深圳,2025-04-08 11:14:35.675675680,3.6
U0992,12.81,2,349,女,nan,2025-04-09 07:19:38.378378376,5.1
U0993,110.32,3,163,男,杭州,2025-04-10 03:24:41.081081080,11.7
U0994,65.47,7,61,女,上海,2025-04-10 23:29:43.783783784,23.7
U0995,44.61,3,264,女,深圳,2025-04-11 19:34:46.486486488,1.4
U0996,105.92,8,285,女,成都,2025-04-12 15:39:49.189189192,8.5
U0997,1283.34,1,95,女,广州,2025-04-13 11:44:51.891891896,2.9
U0998,320.22,5,41,男,北京,2025-04-14 07:49:54.594594592,16.2
U0999,74.78,3,149,女,杭州,2025-04-15 03:54:57.297297296,0.7
U1000,295.04,5,204,女,nan,2025-04-16 00:00:00.000000000,11.7
